driver_id,name,latitude,longitude
1,Joel Gentry,12.837803,80.323988
2,Melissa Hill,12.850059,80.168597
3,Colin Richardson,13.156826,80.243701
4,Kelly Anderson,13.112858,80.197351
5,Brandi Walsh,12.914989,80.305617
6,Ashley Maynard,12.923138,80.229557
7,Ashley Browning,13.009822,80.309738
8,Mark Thomas,13.018428,80.279008
9,Jennifer Baker,13.11881,80.272487
10,Anthony Collins,13.160743,80.151256
11,Nicholas Branch,13.181529,80.198159
12,Nicole Gibson,13.131298,80.130198
13,Samuel Mccarthy,13.132236,80.136937
14,Stephanie Garrett,13.102063,80.19049
15,Jessica Lee,13.147237,80.297627
16,William Davis,13.152593,80.109558
17,Julie Valdez,13.043624,80.243749
18,James Stark,12.96038,80.245447
19,Danielle Wagner,13.071104,80.294088
20,Kimberly Sanders,13.109751,80.114108
21,Barbara Harris,13.050212,80.303861
22,Christine Randall,13.060504,80.157788
23,Richard Chaney,13.111106,80.321367
24,Kimberly Benitez,13.137199,80.242416
25,Rebecca Warren,12.877356,80.206708
26,Alejandra Ward,12.833758,80.238288
27,Alisha Simpson,12.997988,80.310359
28,Austin Morgan,12.999945,80.153126
29,John Mcbride,13.185964,80.337548
30,Tina Sandoval,13.107456,80.344727
31,Peter Perez,12.906612,80.207935
32,Randy Mcneil,12.915516,80.308681
33,Brittany Williams,13.120402,80.192911
34,Christopher Knox,12.894622,80.263159
35,Heather Armstrong,12.890631,80.222035
36,James Jenkins,12.830532,80.193965
37,Lisa Washington,13.060456,80.182466
38,Daniel Scott,13.159492,80.203796
39,Paul Pierce,13.173504,80.123291
40,Claudia Ward,13.081684,80.322334
41,Nicholas Day,12.846731,80.296436
42,Joshua Johnson,13.136465,80.338505
43,Joseph Pineda,13.055862,80.281342
44,Brooke Reid,13.030693,80.216956
45,Gail Bullock,13.192609,80.248467
46,Diane Knight,12.887417,80.230568
47,Matthew Collins,13.043321,80.125012
48,Marcus Murphy,12.950863,80.345681
49,Andrea Rodriguez,12.92547,80.11212
50,Dustin Johnson,13.120908,80.111995
51,Lisa Brown,13.091786,80.211737
52,Kendra Harmon,13.033592,80.154238
53,Angelica Martin MD,12.976292,80.267924
54,David Ross,12.935693,80.329491
55,Kristen Martinez,12.997957,80.19165
56,Jeffrey Johnson,13.16837,80.166983
57,Deborah Garcia,13.005928,80.181275
58,Ryan Sanchez,13.177751,80.332129
59,Sean Dennis,13.013348,80.238888
60,James Bailey,13.084224,80.147559
61,Michael Miller DVM,13.085331,80.303311
62,Nathan Price,12.956591,80.109069
63,Kristina Baker,12.978576,80.155543
64,Anna Hill,12.823154,80.246496
65,Austin Berry,12.928765,80.246412
66,Joseph Fowler,12.959477,80.137868
67,Katie Williams,12.892041,80.342082
68,Bryce Briggs,12.853111,80.289512
69,Robert Robinson,12.933779,80.289335
70,David Jones,13.182636,80.13307
71,David Gutierrez,12.851804,80.144937
72,Joseph Shaffer,13.044094,80.320738
73,Zachary Wood,12.889631,80.102232
74,Jennifer Oconnor,13.19242,80.154977
75,Ronald Campbell,13.135803,80.349139
76,Sarah Jenkins,13.075558,80.16851
77,Elizabeth Mccall,12.950778,80.268753
78,Tammy Perez,12.945062,80.332912
79,Karen Wilson,12.975484,80.280502
80,Joshua Hobbs,13.133928,80.157187
81,Crystal Garner,12.92433,80.144864
82,Benjamin White,12.834781,80.267335
83,Rebecca Brown,12.911333,80.312243
84,Ryan Conner,12.974144,80.209569
85,Adrienne Mcbride,13.175562,80.116891
86,Arthur Coleman,13.004916,80.220526
87,Cassandra Murray,13.088708,80.298876
88,Amanda Hale,13.043148,80.191989
89,Patrick Wu,13.199703,80.333465
90,Michael Weaver,13.197179,80.265617
91,Amy Tran,12.881429,80.302192
92,Steven Clark,13.150741,80.268691
93,Douglas Smith,12.824589,80.320073
94,Holly Oconnell,13.080572,80.252692
95,Brandon Smith,13.061922,80.300246
96,Timothy Morse,12.95355,80.32301
97,Rebecca Villarreal,12.966375,80.265156
98,Raymond Walters,13.052098,80.330349
99,Brett West MD,13.06543,80.101227
100,Scott Jones,13.049611,80.138273
